Чек-лист выбора CRM;Как выбрать CRM-систему: критерии, пошаговый подбор и чек-лист — блог Кайтена;;;;;;;
Как пользоваться;1) До тестов отметьте в колонке «Обязательно для нас», какие критерии обязательны. 2) Впишите в заголовки «Система 1–5» названия CRM из короткого списка. 3) После теста ставьте «да» или «нет» напротив каждого критерия. Система, которая не прошла хотя бы одну обязательную строку, выбывает.;;;;;;;
;;;;;;;;
Критерий;Что проверить;Когда особенно важно;Обязательно для нас (да/нет);Система 1;Система 2;Система 3;Система 4;Система 5
Воронки и сделки;число воронок, свои этапы и поля;несколько направлений продаж;;;;;;
Сбор заявок;формы, почта, телефония, мессенджеры;много каналов привлечения;;;;;;
Задачи;сроки, ответственные, связь со сделкой;в продаже участвуют коллеги;;;;;;
Автоматизация;условия, действия, кто настраивает;много повторяющихся операций;;;;;;
Аналитика;конверсия, причины отказов, менеджеры;нужен контроль продаж;;;;;;
Интеграции;готовые связки, API, webhook;уже есть корпоративный стек;;;;;;
Настройка;поля, процессы, права;нестандартный процесс продаж;;;;;;
Несколько отделов;передача сделки с историей;после продажи подключаются другие команды;;;;;;
Безопасность;роли, журнал действий, размещение;особые требования к данным;;;;;;
Стоимость;лицензии, внедрение, доработки за год;для всех компаний;;;;;;
;;;;;;;;
Стоимость за год, руб.;лицензии + модули + интеграции + внедрение + поддержка;;;;;;;
Прошла все обязательные строки? (да/нет);;;;;;;;
Комментарий команды;;;;;;;;
